order_id,product_id,add_to_cart_order,reordered,order_num,order_day_of_week,order_hour_of_day,days_since_prior_order
1,49302,1,1,4,4,10,9
1,11109,2,1,4,4,10,9
1,10246,3,0,4,4,10,9
1,49683,4,0,4,4,10,9
1,43633,5,1,4,4,10,9
1,13176,6,0,4,4,10,9
1,47209,7,0,4,4,10,9
1,22035,8,1,4,4,10,9
36,39612,1,0,23,6,18,30
36,19660,2,1,23,6,18,30
36,49235,3,0,23,6,18,30
36,43086,4,1,23,6,18,30
36,46620,5,1,23,6,18,30
36,34497,6,1,23,6,18,30
36,48679,7,1,23,6,18,30
36,46979,8,1,23,6,18,30
38,11913,1,0,6,6,16,24
38,18159,2,0,6,6,16,24
38,4461,3,0,6,6,16,24
38,21616,4,1,6,6,16,24
38,23622,5,0,6,6,16,24
38,32433,6,0,6,6,16,24
38,28842,7,0,6,6,16,24
38,42625,8,0,6,6,16,24
38,39693,9,0,6,6,16,24
96,20574,1,1,7,6,20,30
96,30391,2,0,7,6,20,30
96,40706,3,1,7,6,20,30
96,25610,4,0,7,6,20,30
96,27966,5,1,7,6,20,30
96,24489,6,1,7,6,20,30
96,39275,7,1,7,6,20,30
98,8859,1,1,41,3,8,14
98,19731,2,1,41,3,8,14
98,43654,3,1,41,3,8,14
98,13176,4,1,41,3,8,14
98,4357,5,1,41,3,8,14
98,37664,6,1,41,3,8,14
98,34065,7,1,41,3,8,14
98,35951,8,1,41,3,8,14
98,43560,9,1,41,3,8,14
98,9896,10,1,41,3,8,14
98,27509,11,1,41,3,8,14
98,15455,12,1,41,3,8,14
98,27966,13,1,41,3,8,14
98,47601,14,1,41,3,8,14
98,40396,15,1,41,3,8,14
98,35042,16,1,41,3,8,14
98,40986,17,1,41,3,8,14
98,1939,18,1,41,3,8,14
98,46313,19,1,41,3,8,14
98,329,20,1,41,3,8,14
98,30776,21,1,41,3,8,14
98,36695,22,1,41,3,8,14
98,27683,23,1,41,3,8,14
98,15995,24,1,41,3,8,14
98,27344,25,1,41,3,8,14
98,47333,26,1,41,3,8,14
98,48287,27,1,41,3,8,14
98,45204,28,1,41,3,8,14
98,24964,29,1,41,3,8,14
98,18117,30,1,41,3,8,14
98,46413,31,1,41,3,8,14
98,34126,32,1,41,3,8,14
98,9373,33,1,41,3,8,14
98,22935,34,1,41,3,8,14
98,46720,35,1,41,3,8,14
98,44479,36,1,41,3,8,14
98,790,37,1,41,3,8,14
98,18441,38,1,41,3,8,14
98,45007,39,1,41,3,8,14
98,20520,40,1,41,3,8,14
98,7461,41,1,41,3,8,14
98,26317,42,1,41,3,8,14
98,3880,43,1,41,3,8,14
98,36364,44,0,41,3,8,14
98,32463,45,0,41,3,8,14
98,41387,46,1,41,3,8,14
98,31066,47,0,41,3,8,14
98,17747,48,1,41,3,8,14
98,25659,49,0,41,3,8,14
112,27104,1,1,5,5,14,26
112,21174,2,1,5,5,14,26
112,41860,3,0,5,5,14,26
112,38273,4,0,5,5,14,26
112,47209,5,0,5,5,14,26
112,5876,6,1,5,5,14,26
112,29217,7,0,5,5,14,26
112,9047,8,0,5,5,14,26
112,4549,9,0,5,5,14,26
112,22425,10,0,5,5,14,26
112,11776,11,0,5,5,14,26
170,18394,1,1,7,0,13,14
170,37766,2,1,7,0,13,14
170,13176,3,1,7,0,13,14
170,6236,4,1,7,0,13,14
170,5077,5,1,7,0,13,14
170,8153,6,0,7,0,13,14
170,43772,7,0,7,0,13,14
170,25591,8,0,7,0,13,14
170,34582,9,0,7,0,13,14
170,49593,10,0,7,0,13,14
170,15093,11,0,7,0,13,14
170,43841,12,0,7,0,13,14
170,21137,13,0,7,0,13,14
170,40354,14,1,7,0,13,14
170,17794,15,0,7,0,13,14
170,11182,16,0,7,0,13,14
170,39190,17,0,7,0,13,14
218,1194,1,1,12,0,21,17
218,5578,2,1,12,0,21,17
218,38159,3,0,12,0,21,17
218,10305,4,0,12,0,21,17
218,38557,5,0,12,0,21,17
226,28199,1,0,4,0,12,30
226,24852,2,0,4,0,12,30
226,29883,3,1,4,0,12,30
226,28427,4,1,4,0,12,30
226,7754,5,1,4,0,12,30
226,39947,6,1,4,0,12,30
226,47307,7,0,4,0,12,30
226,36291,8,0,4,0,12,30
226,39275,9,0,4,0,12,30
226,1940,10,0,4,0,12,30
226,2040,11,0,4,0,12,30
226,20711,12,0,4,0,12,30
226,47501,13,0,4,0,12,30
349,33000,1,1,9,3,16,30
349,11361,2,1,9,3,16,30
349,27695,3,1,9,3,16,30
349,47672,4,0,9,3,16,30
349,45633,5,0,9,3,16,30
349,38015,6,0,9,3,16,30
349,36968,7,0,9,3,16,30
349,30830,8,0,9,3,16,30
349,5115,9,1,9,3,16,30
349,11520,10,1,9,3,16,30
349,25715,11,0,9,3,16,30
393,12078,1,1,21,6,17,13
393,6184,2,1,21,6,17,13
393,32403,3,1,21,6,17,13
393,19828,4,1,21,6,17,13
393,12341,5,0,21,6,17,13
393,16797,6,1,21,6,17,13
393,13424,7,1,21,6,17,13
393,30591,8,1,21,6,17,13
456,18196,1,0,6,0,12,30
456,34229,2,0,6,0,12,30
456,48118,3,1,6,0,12,30
456,14992,4,0,6,0,12,30
456,35365,5,1,6,0,12,30
456,31506,6,0,6,0,12,30
456,4972,7,0,6,0,12,30
456,34591,8,0,6,0,12,30
456,47626,9,0,6,0,12,30
473,20082,1,1,7,6,10,8
473,24852,2,0,7,6,10,8
473,47144,3,1,7,6,10,8
473,36441,4,1,7,6,10,8
473,12206,5,0,7,6,10,8
473,4034,6,0,7,6,10,8
473,30573,7,0,7,6,10,8
473,42404,8,0,7,6,10,8
631,21137,1,1,7,3,9,30
631,27344,2,1,7,3,9,30
631,42265,3,1,7,3,9,30
631,12211,4,0,7,3,9,30
631,29740,5,0,7,3,9,30
631,31717,6,0,7,3,9,30
631,13829,7,1,7,3,9,30
631,34358,8,0,7,3,9,30
631,48204,9,0,7,3,9,30
631,8424,10,0,7,3,9,30
631,21405,11,0,7,3,9,30
631,37307,12,0,7,3,9,30
631,9203,13,1,7,3,9,30
631,15842,14,1,7,3,9,30
631,12545,15,0,7,3,9,30
631,7509,16,0,7,3,9,30
631,34126,17,0,7,3,9,30
719,45683,1,0,31,1,12,27
762,21137,1,1,5,6,12,6
762,41220,2,0,5,6,12,6
762,15872,3,0,5,6,12,6
762,30391,4,0,5,6,12,6
774,47482,1,0,25,0,17,12
774,43335,2,1,25,0,17,12
774,16108,3,1,25,0,17,12
844,14992,1,1,10,6,15,11
844,21405,2,1,10,6,15,11
844,11182,3,1,10,6,15,11
844,28289,4,1,10,6,15,11
844,9387,5,1,10,6,15,11
844,18599,6,1,10,6,15,11
844,31766,7,1,10,6,15,11
878,48070,1,1,9,2,13,30
878,24852,2,1,9,2,13,30
878,23044,3,0,9,2,13,30
878,45066,4,1,9,2,13,30
878,21903,5,1,9,2,13,30
878,24964,6,0,9,2,13,30
878,47209,7,1,9,2,13,30
878,40706,8,0,9,2,13,30
878,21616,9,0,9,2,13,30
878,10305,10,0,9,2,13,30
878,21137,11,1,9,2,13,30
878,9076,12,0,9,2,13,30
878,27104,13,1,9,2,13,30
878,48679,14,0,9,2,13,30
878,10749,15,1,9,2,13,30
878,31717,16,1,9,2,13,30
878,30720,17,1,9,2,13,30
878,16759,18,0,9,2,13,30
878,5876,19,0,9,2,13,30
878,8193,20,0,9,2,13,30
878,43789,21,0,9,2,13,30
878,26209,22,0,9,2,13,30
878,11262,23,0,9,2,13,30
878,17652,24,0,9,2,13,30
878,34913,25,0,9,2,13,30
878,47156,26,0,9,2,13,30
878,40174,27,0,9,2,13,30
878,31343,28,0,9,2,13,30
904,8013,1,0,10,4,9,24
904,46149,2,0,10,4,9,24
915,17417,1,1,4,1,16,30
915,1582,2,1,4,1,16,30
915,196,3,1,4,1,16,30
915,29529,4,1,4,1,16,30
915,42013,5,1,4,1,16,30
915,45687,6,1,4,1,16,30
915,47931,7,1,4,1,16,30
915,48226,8,1,4,1,16,30
915,36570,9,1,4,1,16,30
915,30723,10,1,4,1,16,30
915,19977,11,0,4,1,16,30
915,9804,12,0,4,1,16,30
915,37487,13,0,4,1,16,30
915,4335,14,0,4,1,16,30
988,45061,1,0,100,2,9,4
988,28464,2,0,100,2,9,4
988,12626,3,0,100,2,9,4
988,4818,4,1,100,2,9,4
1001,34966,1,1,15,4,16,7
1001,23517,2,1,15,4,16,7
1001,26369,3,1,15,4,16,7
1001,43961,4,1,15,4,16,7
1032,11063,1,1,18,1,15,30
1032,26165,2,1,18,1,15,30
1032,27966,3,1,18,1,15,30
1032,8859,4,1,18,1,15,30
1032,44116,5,1,18,1,15,30
1032,5450,6,1,18,1,15,30
1032,9741,7,1,18,1,15,30
1032,22491,8,1,18,1,15,30
1032,45343,9,1,18,1,15,30
1032,32467,10,1,18,1,15,30
1032,20084,11,1,18,1,15,30
1032,21901,12,0,18,1,15,30
1032,44359,13,1,18,1,15,30
1032,19057,14,0,18,1,15,30
1032,43122,15,1,18,1,15,30
1032,8277,16,0,18,1,15,30
1032,747,17,0,18,1,15,30
1032,49021,18,0,18,1,15,30
1032,48465,19,0,18,1,15,30
1032,29869,20,0,18,1,15,30
1032,9618,21,0,18,1,15,30
1032,10089,22,0,18,1,15,30
1032,2450,23,1,18,1,15,30
1032,9133,24,0,18,1,15,30
1032,35352,25,0,18,1,15,30
1042,24852,1,1,10,1,17,30
1042,33000,2,1,10,1,17,30
1042,16083,3,1,10,1,17,30
1042,10814,4,1,10,1,17,30
1042,21634,5,0,10,1,17,30
1042,35140,6,1,10,1,17,30
1042,23094,7,1,10,1,17,30
1042,28985,8,1,10,1,17,30
1077,13176,1,1,11,6,9,10
1077,39922,2,1,11,6,9,10
1077,5258,3,1,11,6,9,10
1077,21137,4,1,11,6,9,10
1086,13984,1,1,40,3,15,12
1086,26209,2,1,40,3,15,12
1086,15261,3,1,40,3,15,12
1086,24082,4,1,40,3,15,12
1086,25610,5,1,40,3,15,12
1119,6046,1,1,7,1,14,17
1119,47626,2,1,7,1,14,17
1119,18465,3,1,7,1,14,17
1119,27104,4,1,7,1,14,17
1119,8424,5,0,7,1,14,17
1119,15937,6,1,7,1,14,17
1120,47211,1,1,9,0,8,30
1120,45685,2,1,9,0,8,30
1139,24852,1,1,4,5,7,30
1139,21137,2,1,4,5,7,30
1139,34969,3,0,4,5,7,30
1139,46993,4,0,4,5,7,30
1139,40396,5,0,4,5,7,30
1139,45757,6,0,4,5,7,30
1139,7559,7,0,4,5,7,30
1139,13431,8,0,4,5,7,30
1139,1376,9,0,4,5,7,30
1143,42719,1,1,11,0,12,30
1143,42097,2,0,11,0,12,30
1143,36759,3,0,11,0,12,30
1143,27966,4,1,11,0,12,30
1143,39275,5,0,11,0,12,30
1143,47209,6,1,11,0,12,30
1143,3464,7,0,11,0,12,30
1143,29307,8,0,11,0,12,30
1143,47626,9,0,11,0,12,30
1143,24964,10,1,11,0,12,30
1143,21405,11,0,11,0,12,30
1143,42958,12,0,11,0,12,30
1143,27999,13,0,11,0,12,30
1143,7552,14,0,11,0,12,30
1143,12206,15,0,11,0,12,30
1143,19660,16,0,11,0,12,30
1143,25466,17,0,11,0,12,30
1145,24852,1,1,10,5,9,7
1145,1465,2,1,10,5,9,7
1145,28083,3,1,10,5,9,7
1145,29657,4,1,10,5,9,7
1145,34986,5,0,10,5,9,7
1145,33651,6,0,10,5,9,7
1145,33957,7,0,10,5,9,7
1145,16198,8,1,10,5,9,7
1145,47409,9,1,10,5,9,7
1145,24004,10,0,10,5,9,7
1145,22206,11,1,10,5,9,7
1145,29487,12,1,10,5,9,7
1145,31343,13,1,10,5,9,7
1145,22882,14,1,10,5,9,7
1145,4697,15,1,10,5,9,7
1145,21158,16,1,10,5,9,7
1145,5069,17,1,10,5,9,7
1145,46522,18,1,10,5,9,7
1145,12945,19,1,10,5,9,7
1145,8022,20,0,10,5,9,7
1145,19658,21,0,10,5,9,7
1145,11249,22,0,10,5,9,7
1145,35234,23,1,10,5,9,7
1145,10673,24,1,10,5,9,7
1145,37836,25,0,10,5,9,7
1145,16797,26,1,10,5,9,7
1145,13417,27,0,10,5,9,7
1145,47532,28,0,10,5,9,7
1145,33516,29,0,10,5,9,7
1145,8841,30,0,10,5,9,7
1275,6046,1,1,5,0,12,30
1275,48679,2,0,5,0,12,30
1275,5450,3,0,5,0,12,30
1275,31506,4,0,5,0,12,30
1275,18761,5,0,5,0,12,30
1280,48186,1,1,12,4,9,17
1280,49235,2,1,12,4,9,17
1280,23955,3,1,12,4,9,17
1280,27845,4,1,12,4,9,17
1280,39581,5,1,12,4,9,17
1318,49520,1,1,17,5,16,30
1318,39375,2,1,17,5,16,30
1318,27845,3,1,17,5,16,30
1318,17526,4,1,17,5,16,30
1325,35914,1,1,31,3,17,4
1325,13176,2,1,31,3,17,4
1325,36425,3,1,31,3,17,4
1325,26165,4,0,31,3,17,4
1325,3664,5,1,31,3,17,4
1335,44359,1,1,100,1,12,4
1335,21903,2,1,100,1,12,4
1335,49683,3,1,100,1,12,4
1335,31404,4,1,100,1,12,4
1335,47209,5,1,100,1,12,4
1335,11520,6,1,100,1,12,4
1335,8277,7,1,100,1,12,4
1335,49111,8,1,100,1,12,4
1335,27845,9,1,100,1,12,4
1335,13176,10,1,100,1,12,4
1342,13176,1,1,32,3,8,30
1342,30827,2,1,32,3,8,30
1342,14966,3,1,32,3,8,30
1342,21137,4,1,32,3,8,30
1342,46129,5,1,32,3,8,30
1342,3798,6,1,32,3,8,30
1342,33081,7,1,32,3,8,30
1342,7862,8,1,32,3,8,30
1350,12260,1,0,6,4,9,10
1350,25042,2,0,6,4,9,10
1350,38311,3,0,6,4,9,10
1350,18830,4,0,6,4,9,10
1350,1017,5,0,6,4,9,10
1350,37620,6,1,6,4,9,10
1350,38371,7,0,6,4,9,10
1350,16714,8,1,6,4,9,10
1350,30571,9,0,6,4,9,10
1350,23535,10,0,6,4,9,10
1350,23776,11,0,6,4,9,10
1468,24852,1,0,7,0,17,30
1468,46667,2,0,7,0,17,30
1468,30024,3,0,7,0,17,30
1468,41570,4,0,7,0,17,30
1468,41787,5,0,7,0,17,30
1468,35530,6,0,7,0,17,30
1468,27521,7,1,7,0,17,30
1468,40761,8,0,7,0,17,30
1468,10385,9,0,7,0,17,30
1468,18656,10,0,7,0,17,30
1468,21405,11,1,7,0,17,30
1468,17794,12,1,7,0,17,30
1468,34243,13,0,7,0,17,30
1468,27104,14,1,7,0,17,30
1468,47209,15,1,7,0,17,30
1468,24184,16,0,7,0,17,30
1468,40706,17,0,7,0,17,30
1571,1194,1,0,32,2,17,16
1571,778,2,0,32,2,17,16
1571,28199,3,0,32,2,17,16
1571,37067,4,0,32,2,17,16
1572,47977,1,0,15,1,19,9
1572,36316,2,0,15,1,19,9
1572,24852,3,1,15,1,19,9
1572,35951,4,1,15,1,19,9
1572,38456,5,1,15,1,19,9
1572,34969,6,1,15,1,19,9
1572,44910,7,1,15,1,19,9
1572,43961,8,1,15,1,19,9
1572,40417,9,1,15,1,19,9
1572,21903,10,1,15,1,19,9
1572,13517,11,1,15,1,19,9
1572,8022,12,1,15,1,19,9
1572,2545,13,1,15,1,19,9
1572,29418,14,1,15,1,19,9
1572,8087,15,1,15,1,19,9
1572,42701,16,1,15,1,19,9
1572,36994,17,0,15,1,19,9
1572,24184,18,1,15,1,19,9
1572,42342,19,0,15,1,19,9
1579,35000,1,1,11,5,15,0
1579,25466,2,1,11,5,15,0
1579,47380,3,0,11,5,15,0
1579,42900,4,1,11,5,15,0
1579,11123,5,1,11,5,15,0
1591,17203,1,1,31,2,17,6
1591,44008,2,1,31,2,17,6
1591,48823,3,1,31,2,17,6
1591,48205,4,1,31,2,17,6
1591,41671,5,1,31,2,17,6
1591,12986,6,1,31,2,17,6
1591,39758,7,1,31,2,17,6
1591,27344,8,1,31,2,17,6
1591,45061,9,0,31,2,17,6
1591,31215,10,1,31,2,17,6
1591,17758,11,0,31,2,17,6
1591,34358,12,1,31,2,17,6
1591,46473,13,1,31,2,17,6
1591,27681,14,1,31,2,17,6
1591,5194,15,0,31,2,17,6
1591,32520,16,0,31,2,17,6
1591,9387,17,0,31,2,17,6
1591,19604,18,1,31,2,17,6
1591,24852,19,1,31,2,17,6
1591,5384,20,0,31,2,17,6
1591,48246,21,0,31,2,17,6
1591,22105,22,1,31,2,17,6
1591,40310,23,1,31,2,17,6
1591,4103,24,0,31,2,17,6
1591,16900,25,0,31,2,17,6
1591,18792,26,0,31,2,17,6
1591,38805,27,0,31,2,17,6
1591,44116,28,1,31,2,17,6
1591,25237,29,1,31,2,17,6
1591,9130,30,1,31,2,17,6
1591,25316,31,1,31,2,17,6
1597,20082,1,1,5,1,8,4
1597,25138,2,1,5,1,8,4
1597,47759,3,1,5,1,8,4
1597,38453,4,0,5,1,8,4
1597,11352,5,1,5,1,8,4
1597,40009,6,1,5,1,8,4
1597,2966,7,1,5,1,8,4
1597,37067,8,1,5,1,8,4
1597,43394,9,1,5,1,8,4
1597,1376,10,1,5,1,8,4
1620,44626,1,0,17,5,13,8
1620,15887,2,0,17,5,13,8
1620,1269,3,0,17,5,13,8
1620,11301,4,1,17,5,13,8
1620,25743,5,1,17,5,13,8
1620,34126,6,1,17,5,13,8
1620,34969,7,1,17,5,13,8
1620,8670,8,0,17,5,13,8
1620,11250,9,0,17,5,13,8
1620,41570,10,0,17,5,13,8
1620,22312,11,0,17,5,13,8
1620,43909,12,0,17,5,13,8
1620,28127,13,0,17,5,13,8
1620,13093,14,1,17,5,13,8
1620,30391,15,1,17,5,13,8
1620,33768,16,1,17,5,13,8
1620,44099,17,1,17,5,13,8
1620,12419,18,0,17,5,13,8
1620,22034,19,0,17,5,13,8
1620,39812,20,0,17,5,13,8
1674,15763,1,0,4,1,9,30
1674,47766,2,0,4,1,9,30
1674,21903,3,1,4,1,9,30
1674,22849,4,1,4,1,9,30
1682,21050,1,1,7,2,12,30
1682,22935,2,0,7,2,12,30
1682,16953,3,0,7,2,12,30
1682,46720,4,1,7,2,12,30
1682,16823,5,0,7,2,12,30
1682,41220,6,1,7,2,12,30
1682,5876,7,1,7,2,12,30
1682,39993,8,0,7,2,12,30
1703,39251,1,1,16,2,19,14
1703,46676,2,1,16,2,19,14
1703,2086,3,1,16,2,19,14
1703,5785,4,0,16,2,19,14
1703,5212,5,1,16,2,19,14
1703,23375,6,1,16,2,19,14
1721,38689,1,1,52,5,13,3
1721,27845,2,1,52,5,13,3
1721,22260,3,1,52,5,13,3
1721,5134,4,1,52,5,13,3
1721,6104,5,1,52,5,13,3
1721,14197,6,1,52,5,13,3
1764,27086,1,1,12,3,14,19
1764,4595,2,1,12,3,14,19
1851,7131,1,1,8,3,10,14
1851,33911,2,1,8,3,10,14
1851,40233,3,1,8,3,10,14
1865,33129,1,1,9,5,12,30
1865,31553,2,0,9,5,12,30
1865,29487,3,0,9,5,12,30
1865,47734,4,0,9,5,12,30
1865,3188,5,0,9,5,12,30
1865,12815,6,0,9,5,12,30
1865,21938,7,0,9,5,12,30
1865,21903,8,0,9,5,12,30
1865,16179,9,0,9,5,12,30
1865,48745,10,0,9,5,12,30
1865,38579,11,0,9,5,12,30
1890,432,1,1,4,5,6,30
1890,47626,2,1,4,5,6,30
1890,13176,3,1,4,5,6,30
1890,11182,4,0,4,5,6,30
1890,30720,5,0,4,5,6,30
1890,26376,6,1,4,5,6,30
1890,48679,7,1,4,5,6,30
1890,8424,8,0,4,5,6,30
1890,28985,9,0,4,5,6,30
1890,44632,10,1,4,5,6,30
1890,8277,11,0,4,5,6,30
1890,38739,12,0,4,5,6,30
1890,25659,13,0,4,5,6,30
1890,44201,14,0,4,5,6,30
1890,30391,15,0,4,5,6,30
1955,10132,1,1,6,3,19,7
1955,13176,2,1,6,3,19,7
1955,16254,3,1,6,3,19,7
1955,38689,4,1,6,3,19,7
1955,7781,5,1,6,3,19,7
1955,38293,6,1,6,3,19,7
1955,17730,7,1,6,3,19,7
1955,30146,8,1,6,3,19,7
1955,25890,9,1,6,3,19,7
1955,2228,10,1,6,3,19,7
1955,41793,11,1,6,3,19,7
1955,15579,12,1,6,3,19,7
1955,35105,13,1,6,3,19,7
1955,29363,14,1,6,3,19,7
1955,3789,15,1,6,3,19,7
1955,11737,16,1,6,3,19,7
1955,26915,17,1,6,3,19,7
1955,35483,18,1,6,3,19,7
1955,35469,19,1,6,3,19,7
1955,3717,20,1,6,3,19,7
1955,5646,21,1,6,3,19,7
1955,47521,22,1,6,3,19,7
1955,5445,23,1,6,3,19,7
1955,49235,24,1,6,3,19,7
1955,26131,25,0,6,3,19,7
1955,8490,26,0,6,3,19,7
1955,44560,27,1,6,3,19,7
1955,47990,28,1,6,3,19,7
1955,16521,29,0,6,3,19,7
1955,7503,30,0,6,3,19,7
1955,12320,31,0,6,3,19,7
1955,22270,32,0,6,3,19,7
1955,10878,33,0,6,3,19,7
1983,22963,1,1,55,1,10,21
1983,42342,2,1,55,1,10,21
1983,31893,3,0,55,1,10,21
1983,7035,4,0,55,1,10,21
1983,11494,5,0,55,1,10,21
1983,36029,6,0,55,1,10,21
1983,41870,7,0,55,1,10,21
1983,8490,8,0,55,1,10,21
1983,36011,9,1,55,1,10,21
1983,42265,10,1,55,1,10,21
1983,45578,11,1,55,1,10,21
1983,41844,12,1,55,1,10,21
1983,2825,13,0,55,1,10,21
1983,42637,14,0,55,1,10,21
1983,37067,15,1,55,1,10,21
1983,21137,16,1,55,1,10,21
1983,3896,17,1,55,1,10,21
1983,19261,18,0,55,1,10,21
1983,28849,19,1,55,1,10,21
1983,42768,20,1,55,1,10,21
1983,34977,21,1,55,1,10,21
1983,8424,22,1,55,1,10,21
1983,5077,23,1,55,1,10,21
1983,44845,24,1,55,1,10,21
1983,19446,25,1,55,1,10,21
1983,45254,26,1,55,1,10,21
1983,16262,27,0,55,1,10,21
1983,20738,28,0,55,1,10,21
1983,37029,29,0,55,1,10,21
1994,24759,1,1,9,2,10,14
1994,48290,2,1,9,2,10,14
1994,12738,3,1,9,2,10,14
1994,1263,4,1,9,2,10,14
1994,49082,5,0,9,2,10,14
1994,41674,6,0,9,2,10,14
1994,9708,7,1,9,2,10,14
1994,14381,8,1,9,2,10,14
1994,48366,9,0,9,2,10,14
1994,28515,10,0,9,2,10,14
1994,8475,11,0,9,2,10,14
1994,49049,12,0,9,2,10,14
1994,6890,13,0,9,2,10,14
1994,12906,14,0,9,2,10,14
1994,18721,15,0,9,2,10,14
1994,24123,16,0,9,2,10,14
1994,13724,17,0,9,2,10,14
2011,14399,1,1,4,4,10,30
2011,3765,2,1,4,4,10,30
2011,48205,3,0,4,4,10,30
2021,9387,1,0,23,0,11,5
2021,4461,2,0,23,0,11,5
2021,22935,3,1,23,0,11,5
2021,8193,4,1,23,0,11,5
2021,10504,5,0,23,0,11,5
2021,22089,6,1,23,0,11,5
2021,23265,7,1,23,0,11,5
2021,27841,8,1,23,0,11,5
2021,44402,9,1,23,0,11,5
2021,34358,10,1,23,0,11,5
2021,199,11,1,23,0,11,5
2021,5077,12,1,23,0,11,5
2021,44292,13,1,23,0,11,5
2021,47626,14,1,23,0,11,5
2021,5460,15,1,23,0,11,5
2021,29382,16,1,23,0,11,5
2021,31506,17,1,23,0,11,5
2029,17316,1,0,5,6,13,30
2029,7781,2,0,5,6,13,30
2029,18094,3,0,5,6,13,30
2029,12383,4,0,5,6,13,30
2029,40174,5,0,5,6,13,30
2029,38453,6,1,5,6,13,30
2029,42193,7,0,5,6,13,30
2029,28745,8,0,5,6,13,30
2029,10369,9,0,5,6,13,30
2029,8012,10,0,5,6,13,30
2029,37733,11,0,5,6,13,30
2029,13176,12,0,5,6,13,30
2029,11520,13,0,5,6,13,30
2029,15742,14,0,5,6,13,30
2029,10132,15,0,5,6,13,30
2068,24852,1,1,11,0,16,23
2068,9252,2,1,11,0,16,23
2068,31215,3,1,11,0,16,23
2068,16339,4,1,11,0,16,23
2068,39719,5,1,11,0,16,23
2068,44142,6,1,11,0,16,23
2068,32828,7,1,11,0,16,23
2068,35417,8,1,11,0,16,23
2068,28842,9,1,11,0,16,23
2068,47766,10,1,11,0,16,23
2068,37849,11,1,11,0,16,23
2068,40332,12,1,11,0,16,23
2068,22242,13,1,11,0,16,23
2068,2180,14,1,11,0,16,23
2068,25345,15,1,11,0,16,23
2068,3919,16,1,11,0,16,23
2068,22151,17,1,11,0,16,23
2068,23955,18,1,11,0,16,23
2068,3118,19,1,11,0,16,23
2068,29443,20,1,11,0,16,23
2068,48516,21,0,11,0,16,23
2068,46886,22,0,11,0,16,23
2068,49363,23,0,11,0,16,23
2087,36695,1,0,9,4,8,5
2087,48857,2,1,9,4,8,5
2087,5612,3,0,9,4,8,5
2087,47672,4,0,9,4,8,5
2087,31399,5,1,9,4,8,5
2087,42896,6,0,9,4,8,5
2087,13176,7,0,9,4,8,5
2115,35887,1,1,10,2,22,23
2115,20995,2,1,10,2,22,23
2115,31766,3,1,10,2,22,23
2115,44910,4,1,10,2,22,23
2191,42265,1,1,12,3,17,15
2191,39097,2,1,12,3,17,15
2191,37687,3,1,12,3,17,15
2191,18465,4,1,12,3,17,15
2191,34262,5,1,12,3,17,15
2191,40486,6,0,12,3,17,15
2191,34423,7,0,12,3,17,15
2191,30776,8,0,12,3,17,15
2216,44469,1,0,7,5,9,30
2216,19008,2,1,7,5,9,30
2318,459,1,1,6,3,14,23
2318,37354,2,1,6,3,14,23
2318,46941,3,1,6,3,14,23
2318,17678,4,0,6,3,14,23
2389,38802,1,1,6,6,16,2
2389,46941,2,0,6,6,16,2
2389,33095,3,0,6,6,16,2
2415,21137,1,1,22,1,11,2
2415,24852,2,1,22,1,11,2
2415,5450,3,1,22,1,11,2
2415,46979,4,1,22,1,11,2
2415,41844,5,0,22,1,11,2
2415,28188,6,0,22,1,11,2
2442,15200,1,1,21,4,10,7
2442,21137,2,1,21,4,10,7
2442,21288,3,1,21,4,10,7
2442,45707,4,0,21,4,10,7
2442,8048,5,1,21,4,10,7
2442,6184,6,1,21,4,10,7
2445,40002,1,0,5,0,16,30
2445,43643,2,1,5,0,16,30
2445,9598,3,0,5,0,16,30
2445,22035,4,0,5,0,16,30
2445,38739,5,0,5,0,16,30
2445,13409,6,1,5,0,16,30
2445,33731,7,0,5,0,16,30
2445,14399,8,1,5,0,16,30
2445,6297,9,1,5,0,16,30
2445,34050,10,1,5,0,16,30
2445,32734,11,1,5,0,16,30
2445,21616,12,1,5,0,16,30
2445,42265,13,1,5,0,16,30
2445,31040,14,1,5,0,16,30
2445,39182,15,1,5,0,16,30
2445,2091,16,1,5,0,16,30
2445,48057,17,1,5,0,16,30
2445,36506,18,1,5,0,16,30
2445,43735,19,0,5,0,16,30
2445,40604,20,1,5,0,16,30
2445,6905,21,0,5,0,16,30
2445,10385,22,1,5,0,16,30
2445,41874,23,0,5,0,16,30
2445,34126,24,0,5,0,16,30
2445,28535,25,0,5,0,16,30
2445,33792,26,0,5,0,16,30
2445,14976,27,0,5,0,16,30
2445,13231,28,0,5,0,16,30
2445,4920,29,0,5,0,16,30
2445,38693,30,1,5,0,16,30
2445,13176,31,1,5,0,16,30
2445,2081,32,0,5,0,16,30
2445,39990,33,0,5,0,16,30
2445,9477,34,0,5,0,16,30
2445,24964,35,1,5,0,16,30
2445,24184,36,0,5,0,16,30
2468,25599,1,0,12,2,19,2
2468,13620,2,1,12,2,19,2
2468,22071,3,0,12,2,19,2
2468,14087,4,0,12,2,19,2
2468,36929,5,0,12,2,19,2
2468,26373,6,0,12,2,19,2
2468,24799,7,0,12,2,19,2
2468,25590,8,0,12,2,19,2
2530,4957,1,1,4,6,23,18
2530,33754,2,1,4,6,23,18
2603,13176,1,1,39,6,16,17
2603,47672,2,1,39,6,16,17
2603,27966,3,1,39,6,16,17
2603,18531,4,1,39,6,16,17
2603,42701,5,1,39,6,16,17
2711,9387,1,0,25,0,17,2
2711,17122,2,0,25,0,17,2
2711,27325,3,0,25,0,17,2
2711,3873,4,0,25,0,17,2
2737,12481,1,1,13,0,19,12
2737,6187,2,1,13,0,19,12
2737,49610,3,1,13,0,19,12
2820,33439,1,1,4,2,19,9
2820,33316,2,0,4,2,19,9
2820,35274,3,0,4,2,19,9
2820,42959,4,1,4,2,19,9
2822,13176,1,1,31,0,8,29
2822,11941,2,1,31,0,8,29
2822,7104,3,1,31,0,8,29
2822,24489,4,0,31,0,8,29
2822,42030,5,0,31,0,8,29
2822,23375,6,1,31,0,8,29
2822,5646,7,0,31,0,8,29
2822,19950,8,1,31,0,8,29
2822,260,9,1,31,0,8,29
2822,25138,10,1,31,0,8,29
2822,47788,11,1,31,0,8,29
2822,46802,12,0,31,0,8,29
2822,31720,13,0,31,0,8,29
2822,8693,14,0,31,0,8,29
2822,44035,15,0,31,0,8,29
2822,45970,16,0,31,0,8,29
2822,49175,17,1,31,0,8,29
2822,44008,18,0,31,0,8,29
2822,45916,19,0,31,0,8,29
2822,4982,20,0,31,0,8,29
2822,29398,21,0,31,0,8,29
2822,4102,22,0,31,0,8,29
2822,24830,23,1,31,0,8,29
2822,38159,24,1,31,0,8,29
2822,10243,25,1,31,0,8,29
2822,17747,26,0,31,0,8,29
2822,46667,27,1,31,0,8,29
2822,39877,28,0,31,0,8,29
2822,19970,29,0,31,0,8,29
2853,35886,1,1,20,5,17,3
2853,6184,2,1,20,5,17,3
2853,9189,3,0,20,5,17,3
2853,23423,4,1,20,5,17,3
2869,17779,1,0,4,6,19,13
2869,283,2,0,4,6,19,13
2869,14511,3,0,4,6,19,13
2869,10246,4,1,4,6,19,13
2869,6141,5,0,4,6,19,13
2869,34824,6,0,4,6,19,13
2869,43961,7,0,4,6,19,13
2869,42265,8,0,4,6,19,13
2869,47209,9,0,4,6,19,13
2869,37067,10,1,4,6,19,13
2869,27999,11,0,4,6,19,13
2869,27104,12,0,4,6,19,13
2888,30450,1,0,20,5,11,5
2888,41486,2,0,20,5,11,5
2888,46654,3,1,20,5,11,5
2888,37107,4,0,20,5,11,5
2888,27966,5,1,20,5,11,5
2888,21137,6,1,20,5,11,5
2888,19057,7,1,20,5,11,5
2888,11767,8,1,20,5,11,5
2888,5077,9,1,20,5,11,5
2888,16541,10,1,20,5,11,5
2888,17008,11,0,20,5,11,5
2888,19068,12,1,20,5,11,5
2888,23601,13,1,20,5,11,5
2888,27308,14,0,20,5,11,5
2888,31029,15,0,20,5,11,5
2888,18624,16,1,20,5,11,5
2888,16584,17,0,20,5,11,5
2888,38288,18,1,20,5,11,5
2888,41178,19,0,20,5,11,5
2888,10580,20,0,20,5,11,5
2888,27323,21,1,20,5,11,5
2888,24053,22,1,20,5,11,5
2888,7597,23,1,20,5,11,5
2888,12341,24,1,20,5,11,5
2888,30764,25,1,20,5,11,5
2888,11821,26,1,20,5,11,5
2888,43772,27,1,20,5,11,5
2888,5987,28,0,20,5,11,5
2888,34898,29,1,20,5,11,5
2888,29553,30,1,20,5,11,5
2888,31506,31,0,20,5,11,5
2888,35622,32,1,20,5,11,5
2888,15872,33,0,20,5,11,5
2888,30918,34,0,20,5,11,5
2889,35951,1,0,4,1,15,8
2889,22142,2,0,4,1,15,8
2889,21616,3,1,4,1,15,8
2889,20889,4,0,4,1,15,8
2889,19508,5,0,4,1,15,8
2889,2180,6,0,4,1,15,8
2889,22888,7,0,4,1,15,8
2889,22395,8,0,4,1,15,8
2889,20520,9,0,4,1,15,8
2889,28842,10,0,4,1,15,8
2889,46676,11,0,4,1,15,8
2889,5373,12,0,4,1,15,8
2936,24184,1,0,5,5,15,7
2936,24964,2,1,5,5,15,7
2936,30489,3,1,5,5,15,7
2937,24852,1,1,15,1,9,16
2937,8087,2,1,15,1,9,16
2937,47167,3,1,15,1,9,16
2937,29392,4,0,15,1,9,16
2937,47104,5,0,15,1,9,16
2937,23732,6,0,15,1,9,16
2937,6447,7,0,15,1,9,16
2937,26209,8,0,15,1,9,16
2937,31717,9,1,15,1,9,16
2937,47209,10,1,15,1,9,16
2937,8518,11,0,15,1,9,16
2937,23236,12,1,15,1,9,16
2937,38293,13,1,15,1,9,16
2937,49247,14,1,15,1,9,16
2937,4799,15,0,15,1,9,16
2937,40604,16,1,15,1,9,16
2948,5077,1,1,34,5,10,16
2948,15392,2,1,34,5,10,16
2948,17630,3,1,34,5,10,16
2948,47626,4,0,34,5,10,16
2985,2120,1,1,16,0,10,30
2985,4562,2,1,16,0,10,30
2985,20378,3,1,16,0,10,30
2985,37107,4,0,16,0,10,30
2985,26209,5,0,16,0,10,30
2985,5876,6,0,16,0,10,30
2985,43772,7,1,16,0,10,30
2985,26369,8,0,16,0,10,30
3010,2966,1,1,11,1,16,7
3010,47209,2,1,11,1,16,7
3010,13176,3,1,11,1,16,7
3010,45535,4,1,11,1,16,7
3010,6341,5,1,11,1,16,7
3010,21195,6,1,11,1,16,7
3010,5785,7,1,11,1,16,7
3010,27454,8,1,11,1,16,7
3037,19348,1,1,6,5,11,3
3037,19173,2,1,6,5,11,3
3037,6994,3,0,6,5,11,3
3056,13087,1,0,12,1,18,4
3056,16797,2,1,12,1,18,4
3056,11311,3,1,12,1,18,4
3056,9973,4,0,12,1,18,4
3056,41946,5,1,12,1,18,4
3056,41674,6,1,12,1,18,4
3056,34112,7,1,12,1,18,4
3056,3856,8,1,12,1,18,4
3056,24852,9,1,12,1,18,4
3056,46025,10,0,12,1,18,4
3056,19051,11,0,12,1,18,4
3056,43772,12,1,12,1,18,4
3056,5265,13,0,12,1,18,4
3056,38620,14,0,12,1,18,4
3056,1313,15,0,12,1,18,4
3056,43632,16,0,12,1,18,4
3056,10054,17,1,12,1,18,4
3056,21351,18,0,12,1,18,4
3056,4920,19,0,12,1,18,4
3056,17616,20,1,12,1,18,4
3056,1449,21,0,12,1,18,4
3068,5258,1,1,9,3,14,7
3068,16797,2,1,9,3,14,7
3091,41621,1,1,70,5,9,2
3091,30494,2,1,70,5,9,2
3091,43428,3,1,70,5,9,2
3091,25832,4,1,70,5,9,2
3091,25779,5,1,70,5,9,2
3091,35554,6,1,70,5,9,2
3091,13176,7,1,70,5,9,2
3091,5876,8,1,70,5,9,2
3103,12899,1,1,4,0,15,30
3103,33768,2,0,4,0,15,30
3103,32079,3,0,4,0,15,30
3103,33000,4,0,4,0,15,30
3142,16387,1,0,4,4,13,13
3142,24125,2,1,4,4,13,13
3142,1991,3,0,4,4,13,13
3142,45599,4,0,4,4,13,13
3142,41801,5,0,4,4,13,13
3142,27729,6,0,4,4,13,13
3160,196,1,1,28,4,15,5
3160,3389,2,1,28,4,15,5
3160,16696,3,0,28,4,15,5
3160,31164,4,1,28,4,15,5
3160,22395,5,0,28,4,15,5
3160,19672,6,0,28,4,15,5
3176,46149,1,1,8,5,8,17
3179,35221,1,1,5,6,17,30
3179,39322,2,1,5,6,17,30
3179,3634,3,1,5,6,17,30
3179,44632,4,1,5,6,17,30
3179,14867,5,1,5,6,17,30
3179,47990,6,0,5,6,17,30
3179,5757,7,0,5,6,17,30
3179,34521,8,0,5,6,17,30
3200,8571,1,1,15,5,17,30
3200,40199,2,1,15,5,17,30
3200,16797,3,1,15,5,17,30
3200,38300,4,1,15,5,17,30
3200,35561,5,1,15,5,17,30
3200,9387,6,1,15,5,17,30
3200,15772,7,1,15,5,17,30
3200,4913,8,1,15,5,17,30
3200,6184,9,0,15,5,17,30
3209,12565,1,1,6,0,13,27
3209,24852,2,1,6,0,13,27
3209,45054,3,1,6,0,13,27
3209,4920,4,1,6,0,13,27
3209,41131,5,1,6,0,13,27
3209,25124,6,1,6,0,13,27
3209,44799,7,1,6,0,13,27
3212,45504,1,1,73,0,7,4
3227,38300,1,0,10,2,21,30
3243,24830,1,1,43,3,15,2
3243,31635,2,0,43,3,15,2
3243,33606,3,0,43,3,15,2
3243,24852,4,1,43,3,15,2
3243,31433,5,0,43,3,15,2
3300,18432,1,1,23,3,15,3
3300,23630,2,0,23,3,15,3
3300,4366,3,0,23,3,15,3
3300,48189,4,1,23,3,15,3
3300,41289,5,0,23,3,15,3
3300,29642,6,0,23,3,15,3
3309,11801,1,1,10,0,0,30
3309,27744,2,1,10,0,0,30
3309,32312,3,1,10,0,0,30
3309,34106,4,0,10,0,0,30
3321,19660,1,1,5,1,12,30
3321,38300,2,0,5,1,12,30
3321,48812,3,0,5,1,12,30
3321,45683,4,0,5,1,12,30
3321,23662,5,0,5,1,12,30
3327,1308,1,0,18,0,23,15
3327,38067,2,0,18,0,23,15
3327,36183,3,1,18,0,23,15
3327,12838,4,0,18,0,23,15
3327,46979,5,1,18,0,23,15
3327,36070,6,0,18,0,23,15
3327,44632,7,1,18,0,23,15
3327,27509,8,1,18,0,23,15
3327,18465,9,1,18,0,23,15
3327,40724,10,0,18,0,23,15
3336,47766,1,0,5,0,14,3
3336,6046,2,1,5,0,14,3
3336,31717,3,0,5,0,14,3
3336,26209,4,0,5,0,14,3
3336,15396,5,0,5,0,14,3
3336,4661,6,0,5,0,14,3
3336,15649,7,0,5,0,14,3
3336,46359,8,0,5,0,14,3
3336,4339,9,0,5,0,14,3
3349,33198,1,1,18,0,21,1
3349,25064,2,0,18,0,21,1
3349,48455,3,1,18,0,21,1
3349,17038,4,0,18,0,21,1
3349,30391,5,0,18,0,21,1
3368,14852,1,1,21,5,16,9
3368,37067,2,1,21,5,16,9
3368,27845,3,1,21,5,16,9
3368,27247,4,1,21,5,16,9
3368,9210,5,1,21,5,16,9
3368,11136,6,1,21,5,16,9
3368,13431,7,1,21,5,16,9
3368,9322,8,0,21,5,16,9
3368,6343,9,1,21,5,16,9
3368,29627,10,1,21,5,16,9
3368,44815,11,0,21,5,16,9
3368,38303,12,1,21,5,16,9
3368,40568,13,0,21,5,16,9
3368,47900,14,1,21,5,16,9
3368,10904,15,0,21,5,16,9
3368,16911,16,0,21,5,16,9
3368,37053,17,0,21,5,16,9
3368,48679,18,0,21,5,16,9
3368,22935,19,1,21,5,16,9
3368,34126,20,1,21,5,16,9
3378,47409,1,0,7,1,16,30
3378,40574,2,0,7,1,16,30
3378,20156,3,0,7,1,16,30
3378,44204,4,0,7,1,16,30
3378,49306,5,0,7,1,16,30
3378,46023,6,0,7,1,16,30
3378,27307,7,0,7,1,16,30
3378,23410,8,0,7,1,16,30
3378,24852,9,1,7,1,16,30
3378,4920,10,0,7,1,16,30
3378,48163,11,1,7,1,16,30
3378,11422,12,1,7,1,16,30
3378,5534,13,0,7,1,16,30
3378,5077,14,1,7,1,16,30
3378,9932,15,1,7,1,16,30
3378,18339,16,0,7,1,16,30
3378,11432,17,0,7,1,16,30
3378,45938,18,0,7,1,16,30
3378,10246,19,0,7,1,16,30
3378,48299,20,1,7,1,16,30
3378,33129,21,0,7,1,16,30
3378,40516,22,0,7,1,16,30
3378,7821,23,0,7,1,16,30
3378,12508,24,1,7,1,16,30
3378,48527,25,0,7,1,16,30
3378,365,26,0,7,1,16,30
3378,31589,27,1,7,1,16,30
3397,19816,1,1,40,2,13,10
3397,5652,2,1,40,2,13,10
3397,34590,3,1,40,2,13,10
3397,36695,4,1,40,2,13,10
3397,37065,5,0,40,2,13,10
3397,2314,6,0,40,2,13,10
3397,33031,7,1,40,2,13,10
3405,34197,1,1,28,3,20,3
3405,12935,2,0,28,3,20,3
3405,11790,3,0,28,3,20,3
3405,48220,4,1,28,3,20,3
3405,15984,5,1,28,3,20,3
3405,25579,6,0,28,3,20,3
3405,8414,7,1,28,3,20,3
3405,37067,8,1,28,3,20,3
3405,46906,9,0,28,3,20,3
3405,27729,10,0,28,3,20,3
3422,39867,1,1,8,0,15,20
3422,11689,2,1,8,0,15,20
3422,3999,3,1,8,0,15,20
3422,28465,4,1,8,0,15,20
3422,28204,5,1,8,0,15,20
3422,4697,6,1,8,0,15,20
3422,39938,7,1,8,0,15,20
3422,32271,8,1,8,0,15,20
3422,18352,9,1,8,0,15,20
3422,35391,10,0,8,0,15,20
3422,30169,11,1,8,0,15,20
3422,27681,12,0,8,0,15,20
3422,34582,13,1,8,0,15,20
3422,640,14,0,8,0,15,20
3422,10329,15,0,8,0,15,20
3422,35440,16,0,8,0,15,20
3422,9509,17,0,8,0,15,20
3422,15359,18,0,8,0,15,20
3422,30731,19,0,8,0,15,20
3422,5098,20,0,8,0,15,20
3422,25877,21,0,8,0,15,20
3422,14612,22,0,8,0,15,20
3422,15468,23,0,8,0,15,20
3422,2042,24,0,8,0,15,20
3422,2380,25,0,8,0,15,20
3422,24396,26,0,8,0,15,20
3422,18599,27,0,8,0,15,20
3422,3808,28,0,8,0,15,20
3422,19653,29,0,8,0,15,20
3422,21019,30,0,8,0,15,20
3422,424,31,0,8,0,15,20
3422,25330,32,0,8,0,15,20
3422,36552,33,0,8,0,15,20
3422,365,34,0,8,0,15,20
3473,14966,1,0,54,1,9,8
3473,15200,2,1,54,1,9,8
3473,7147,3,1,54,1,9,8
3473,32303,4,1,54,1,9,8
3473,13424,5,1,54,1,9,8
3473,11759,6,1,54,1,9,8
3473,21137,7,1,54,1,9,8
3473,18023,8,1,54,1,9,8
3473,46799,9,0,54,1,9,8
3473,14477,10,1,54,1,9,8
3473,9996,11,0,54,1,9,8
3473,6369,12,1,54,1,9,8
3473,13042,13,1,54,1,9,8
3473,31759,14,1,54,1,9,8
3473,6901,15,0,54,1,9,8
3473,12341,16,1,54,1,9,8
3473,29223,17,1,54,1,9,8
3484,1640,1,1,14,0,15,18
3484,19508,2,1,14,0,15,18
3484,13535,3,1,14,0,15,18
3484,38383,4,1,14,0,15,18
3484,47209,5,1,14,0,15,18
3484,37693,6,1,14,0,15,18
3484,8277,7,1,14,0,15,18
3484,35708,8,1,14,0,15,18
3484,21914,9,1,14,0,15,18
3484,4376,10,1,14,0,15,18
3484,42768,11,1,14,0,15,18
3484,45007,12,0,14,0,15,18
3484,22935,13,1,14,0,15,18
3484,10749,14,0,14,0,15,18
3484,48745,15,0,14,0,15,18
3484,25659,16,0,14,0,15,18
3484,23400,17,0,14,0,15,18
3484,44449,18,0,14,0,15,18
3484,18200,19,1,14,0,15,18
3484,27966,20,1,14,0,15,18
3484,27521,21,1,14,0,15,18
3484,21137,22,1,14,0,15,18
3484,13176,23,1,14,0,15,18
3484,3957,24,1,14,0,15,18
3509,24964,1,0,4,4,16,30
3509,4421,2,1,4,4,16,30
3514,36620,1,1,44,3,19,0
3527,21137,1,1,9,4,22,4
3527,47672,2,0,9,4,22,4
3527,35535,3,1,9,4,22,4
3527,47209,4,1,9,4,22,4
3527,25659,5,0,9,4,22,4
3527,3843,6,0,9,4,22,4
3527,16748,7,1,9,4,22,4
3527,22211,8,1,9,4,22,4
3529,17261,1,0,4,4,9,19
3529,6679,2,1,4,4,9,19
3533,5785,1,1,5,1,10,30
3533,5959,2,1,5,1,10,30
3533,46969,3,0,5,1,10,30
3533,16616,4,1,5,1,10,30
3533,43086,5,0,5,1,10,30
3533,11520,6,0,5,1,10,30
3533,260,7,0,5,1,10,30
3563,24382,1,0,29,0,10,22
3563,34067,2,1,29,0,10,22
3563,4818,3,1,29,0,10,22
3563,7123,4,0,29,0,10,22
3563,24861,5,0,29,0,10,22
3563,24799,6,0,29,0,10,22
3563,39332,7,0,29,0,10,22
3563,4306,8,0,29,0,10,22
3563,21019,9,0,29,0,10,22
3649,40199,1,1,8,3,7,30
3649,13176,2,1,8,3,7,30
3649,7987,3,1,8,3,7,30
3733,38889,1,1,6,1,17,30
3733,32163,2,1,6,1,17,30
3733,37417,3,1,6,1,17,30
3733,5194,4,1,6,1,17,30
3733,13380,5,1,6,1,17,30
3733,1203,6,1,6,1,17,30
3733,5077,7,1,6,1,17,30
3733,19310,8,1,6,1,17,30
3733,44187,9,1,6,1,17,30
3733,44361,10,0,6,1,17,30
3733,12845,11,0,6,1,17,30
3733,14726,12,1,6,1,17,30
3733,6193,13,0,6,1,17,30
3733,47457,14,1,6,1,17,30
3733,21938,15,0,6,1,17,30
3733,30950,16,1,6,1,17,30
3733,41625,17,0,6,1,17,30
3733,34358,18,0,6,1,17,30
3733,34321,19,0,6,1,17,30
3733,29127,20,0,6,1,17,30
3733,39936,21,0,6,1,17,30
3733,48969,22,0,6,1,17,30
3740,48395,1,1,6,3,12,14
3740,4163,2,1,6,3,12,14
3740,37103,3,0,6,3,12,14
3740,32190,4,1,6,3,12,14
3740,45954,5,0,6,3,12,14
3740,24852,6,1,6,3,12,14
3740,9595,7,1,6,3,12,14
3740,21137,8,1,6,3,12,14
3740,39275,9,0,6,3,12,14
3740,14947,10,1,6,3,12,14
3740,4799,11,0,6,3,12,14
3740,9515,12,0,6,3,12,14
3740,16254,13,1,6,3,12,14
3740,45007,14,1,6,3,12,14
3740,43768,15,0,6,3,12,14
3752,13535,1,1,5,1,19,5
3752,38768,2,1,5,1,19,5
3752,44683,3,1,5,1,19,5
3785,27903,1,0,35,0,18,7
3785,40261,2,1,35,0,18,7
3785,25330,3,1,35,0,18,7
3785,21573,4,1,35,0,18,7
3785,3836,5,1,35,0,18,7
3785,10724,6,0,35,0,18,7
3785,6075,7,1,35,0,18,7
3785,12899,8,0,35,0,18,7
3785,21494,9,0,35,0,18,7
3785,12897,10,0,35,0,18,7
3785,19490,11,0,35,0,18,7
3785,11061,12,0,35,0,18,7
3785,9762,13,1,35,0,18,7
3785,28208,14,0,35,0,18,7
3785,39247,15,0,35,0,18,7
3785,5819,16,0,35,0,18,7
3785,26555,17,1,35,0,18,7
3785,49678,18,1,35,0,18,7
3785,44142,19,1,35,0,18,7
3785,40348,20,0,35,0,18,7
3785,32784,21,1,35,0,18,7
3785,11827,22,0,35,0,18,7
3785,1006,23,1,35,0,18,7
3785,39041,24,0,35,0,18,7
3785,43352,25,1,35,0,18,7
3785,14875,26,1,35,0,18,7
3785,27796,27,1,35,0,18,7
3785,196,28,0,35,0,18,7
3785,16797,29,1,35,0,18,7
3785,31608,30,0,35,0,18,7
3817,38772,1,1,23,3,13,7
3817,28934,2,1,23,3,13,7
3817,41787,3,1,23,3,13,7
3817,43961,4,1,23,3,13,7
3817,25890,5,1,23,3,13,7
3819,4602,1,0,16,6,16,7
3819,45924,2,0,16,6,16,7
3830,5067,1,1,13,1,9,30
3830,39581,2,1,13,1,9,30
3830,37919,3,1,13,1,9,30
3830,22802,4,0,13,1,9,30
3830,21195,5,0,13,1,9,30
3861,10602,1,1,10,3,14,6
3861,16998,2,1,10,3,14,6
3861,26115,3,1,10,3,14,6
3861,45488,4,1,10,3,14,6
3861,21572,5,1,10,3,14,6
3871,38400,1,0,5,0,7,30
3898,27845,1,1,7,2,8,30
3898,2469,2,1,7,2,8,30
3898,24852,3,1,7,2,8,30
3898,14636,4,1,7,2,8,30
3898,17616,5,1,7,2,8,30
3898,38400,6,1,7,2,8,30
3898,35004,7,1,7,2,8,30
3898,32429,8,1,7,2,8,30
3898,3616,9,1,7,2,8,30
3898,9387,10,1,7,2,8,30
3898,21955,11,1,7,2,8,30
3898,27104,12,0,7,2,8,30
3898,45035,13,0,7,2,8,30
3898,21137,14,1,7,2,8,30
3898,31762,15,0,7,2,8,30
3898,47931,16,1,7,2,8,30
3898,41238,17,1,7,2,8,30
3898,38510,18,0,7,2,8,30
3898,24307,19,0,7,2,8,30
3901,40055,1,0,8,6,14,30
3901,5516,2,0,8,6,14,30
3901,29987,3,0,8,6,14,30
3901,5438,4,0,8,6,14,30
3901,18078,5,0,8,6,14,30
3901,37524,6,0,8,6,14,30
3938,40646,1,0,28,5,9,10
3938,5450,2,1,28,5,9,10
3938,41950,3,0,28,5,9,10
3938,41329,4,0,28,5,9,10
3938,5068,5,0,28,5,9,10
3938,24964,6,1,28,5,9,10
3938,26209,7,0,28,5,9,10
3946,47626,1,0,6,6,14,30
3946,13780,2,1,6,6,14,30
3946,15937,3,0,6,6,14,30
3946,44449,4,0,6,6,14,30
3946,46979,5,0,6,6,14,30
3946,33862,6,0,6,6,14,30
3946,15861,7,0,6,6,14,30
3946,44848,8,0,6,6,14,30
3946,25256,9,0,6,6,14,30
3946,28127,10,0,6,6,14,30
3957,2187,1,1,10,0,15,8
3957,13225,2,0,10,0,15,8
3957,24235,3,0,10,0,15,8
3957,13500,4,0,10,0,15,8
3957,14218,5,0,10,0,15,8
3957,42368,6,0,10,0,15,8
3957,45066,7,1,10,0,15,8
3957,24852,8,1,10,0,15,8
3957,31562,9,1,10,0,15,8
3957,28842,10,0,10,0,15,8
3957,42625,11,0,10,0,15,8
3957,9339,12,0,10,0,15,8
3957,47521,13,0,10,0,15,8
3957,9438,14,0,10,0,15,8
3957,11777,15,0,10,0,15,8
3957,16797,16,1,10,0,15,8
3957,33845,17,0,10,0,15,8
3957,1408,18,0,10,0,15,8
3957,47977,19,0,10,0,15,8
3957,47196,20,0,10,0,15,8
3957,44116,21,0,10,0,15,8
3957,30830,22,0,10,0,15,8
3957,21903,23,1,10,0,15,8
3957,21616,24,1,10,0,15,8
3957,35140,25,0,10,0,15,8
3957,31433,26,0,10,0,15,8
3971,5183,1,1,16,2,18,8
3971,13733,2,1,16,2,18,8
3971,23452,3,1,16,2,18,8
3971,38730,4,1,16,2,18,8
3971,40408,5,1,16,2,18,8
3971,2435,6,1,16,2,18,8
3971,47626,7,1,16,2,18,8
3971,40332,8,1,16,2,18,8
3971,44142,9,1,16,2,18,8
3971,39993,10,1,16,2,18,8
3971,2295,11,1,16,2,18,8
3971,47040,12,1,16,2,18,8
3971,16277,13,1,16,2,18,8
3979,6818,1,1,5,2,9,12
3979,3308,2,1,5,2,9,12
3979,43568,3,1,5,2,9,12
3979,46522,4,1,5,2,9,12
4006,13176,1,1,10,4,18,10
4006,6187,2,1,10,4,18,10
4006,27156,3,1,10,4,18,10
4006,28476,4,1,10,4,18,10
4006,42533,5,1,10,4,18,10
4006,32018,6,1,10,4,18,10
4006,13702,7,1,10,4,18,10
4006,4597,8,1,10,4,18,10
4006,20512,9,1,10,4,18,10
4011,27845,1,1,7,0,14,30
4011,31927,2,1,7,0,14,30
4011,45007,3,1,7,0,14,30
4011,42265,4,0,7,0,14,30
4011,16616,5,1,7,0,14,30
4011,38453,6,0,7,0,14,30
4011,5029,7,1,7,0,14,30
4011,45767,8,1,7,0,14,30
4011,13113,9,1,7,0,14,30
4036,11758,1,0,5,1,16,30
4036,46979,2,0,5,1,16,30
4036,48364,3,0,5,1,16,30
4036,17794,4,0,5,1,16,30
4036,9515,5,0,5,1,16,30
4036,48523,6,0,5,1,16,30
4067,25718,1,1,15,3,17,30
4067,16001,2,0,15,3,17,30
4067,28066,3,0,15,3,17,30
4067,22504,4,0,15,3,17,30
4067,30727,5,1,15,3,17,30
4067,24846,6,0,15,3,17,30
4090,5994,1,0,7,4,13,30
4090,11365,2,0,7,4,13,30
4090,30827,3,0,7,4,13,30
4092,26209,1,0,27,6,14,14
4092,6615,2,0,27,6,14,14
4092,44570,3,1,27,6,14,14
4092,47626,4,1,27,6,14,14
4092,17794,5,1,27,6,14,14
4092,31553,6,1,27,6,14,14
4092,35108,7,1,27,6,14,14
4092,42585,8,1,27,6,14,14
4092,21903,9,1,27,6,14,14
4092,34358,10,1,27,6,14,14
4092,45007,11,1,27,6,14,14
4092,40706,12,1,27,6,14,14
4092,1529,13,1,27,6,14,14
4092,42768,14,1,27,6,14,14
4092,16185,15,1,27,6,14,14
4092,4086,16,1,27,6,14,14
4092,10644,17,1,27,6,14,14
4111,33572,1,1,8,5,20,17
4146,32226,1,1,35,0,13,6
4146,35286,2,1,35,0,13,6
4146,8805,3,1,35,0,13,6
4146,47643,4,1,35,0,13,6
4146,46846,5,0,35,0,13,6
4146,34334,6,1,35,0,13,6
4148,27356,1,1,10,5,14,30
4148,19643,2,0,10,5,14,30
4164,4428,1,1,7,1,10,30
4164,49605,2,1,7,1,10,30
4164,11703,3,1,7,1,10,30
4164,13031,4,1,7,1,10,30
4164,14390,5,1,7,1,10,30
4164,48395,6,1,7,1,10,30
4164,48299,7,0,7,1,10,30
4164,31410,8,1,7,1,10,30
4164,21050,9,1,7,1,10,30
4164,17652,10,1,7,1,10,30
4164,43981,11,0,7,1,10,30
4164,23579,12,0,7,1,10,30
4164,24852,13,1,7,1,10,30
4164,47946,14,1,7,1,10,30
4164,45656,15,1,7,1,10,30
4164,12720,16,1,7,1,10,30
4164,29553,17,0,7,1,10,30
4164,7736,18,0,7,1,10,30
4164,3808,19,0,7,1,10,30
4164,41844,20,0,7,1,10,30
4164,25569,21,0,7,1,10,30
4164,19863,22,0,7,1,10,30
4164,45066,23,1,7,1,10,30
4164,40216,24,0,7,1,10,30
4185,19348,1,1,35,0,15,7
4185,44486,2,1,35,0,15,7
4185,37036,3,0,35,0,15,7
4185,9584,4,1,35,0,15,7
4185,21240,5,0,35,0,15,7
4185,46226,6,0,35,0,15,7
4185,1460,7,1,35,0,15,7
4185,21709,8,0,35,0,15,7
4185,11121,9,0,35,0,15,7
4189,5985,1,1,27,3,12,14
4189,38278,2,1,27,3,12,14
4194,36811,1,0,6,6,15,30
4194,12939,2,0,6,6,15,30
4194,14947,3,1,6,6,15,30
4194,20039,4,1,6,6,15,30
4194,45200,5,1,6,6,15,30
4194,46996,6,0,6,6,15,30
4194,46635,7,1,6,6,15,30
4194,31181,8,1,6,6,15,30
4194,46022,9,1,6,6,15,30
4194,1582,10,1,6,6,15,30
4194,35921,11,0,6,6,15,30
4194,26588,12,0,6,6,15,30
4201,19565,1,1,12,0,19,30
4201,4920,2,0,12,0,19,30
4201,21137,3,1,12,0,19,30
4201,20940,4,1,12,0,19,30
4201,32079,5,1,12,0,19,30
4201,12341,6,1,12,0,19,30
4201,11759,7,1,12,0,19,30
4201,38928,8,0,12,0,19,30
4201,43352,9,1,12,0,19,30
4201,21288,10,1,12,0,19,30
4201,30450,11,0,12,0,19,30
4201,32689,12,1,12,0,19,30
4201,5258,13,1,12,0,19,30
4201,13176,14,1,12,0,19,30
4201,7751,15,1,12,0,19,30
4201,7987,16,0,12,0,19,30
4201,37919,17,1,12,0,19,30
4201,651,18,1,12,0,19,30
4203,9412,1,0,6,0,12,30
4203,32768,2,0,6,0,12,30
4203,18926,3,1,6,0,12,30
4203,30395,4,0,6,0,12,30
4203,42032,5,0,6,0,12,30
4203,18432,6,1,6,0,12,30
4203,41178,7,0,6,0,12,30
4203,29101,8,0,6,0,12,30
4203,10631,9,0,6,0,12,30
4203,6448,10,0,6,0,12,30
4203,45763,11,0,6,0,12,30
4203,36372,12,1,6,0,12,30
4203,38424,13,1,6,0,12,30
4203,23904,14,0,6,0,12,30
4203,46831,15,1,6,0,12,30
4203,46634,16,0,6,0,12,30
4203,7414,17,1,6,0,12,30
4217,24561,1,0,4,4,10,15
4217,23761,2,1,4,4,10,15
4217,760,3,1,4,4,10,15
4217,21881,4,1,4,4,10,15
4217,24004,5,1,4,4,10,15
4234,27344,1,0,14,0,7,20
4234,22963,2,0,14,0,7,20
4234,12456,3,0,14,0,7,20
4234,47156,4,0,14,0,7,20
4234,4462,5,0,14,0,7,20
4234,35633,6,0,14,0,7,20
4234,9203,7,0,14,0,7,20
4234,9554,8,1,14,0,7,20
4234,35921,9,1,14,0,7,20
4234,26283,10,1,14,0,7,20
4234,34243,11,1,14,0,7,20
4234,18881,12,1,14,0,7,20
4234,25230,13,1,14,0,7,20
4234,23630,14,1,14,0,7,20
4234,40388,15,1,14,0,7,20
4234,47209,16,1,14,0,7,20
4234,9038,17,1,14,0,7,20
4234,2716,18,1,14,0,7,20
4234,47029,19,1,14,0,7,20
4234,28465,20,1,14,0,7,20
4234,21783,21,1,14,0,7,20
4234,48110,22,1,14,0,7,20
4234,5086,23,0,14,0,7,20
4234,47953,24,1,14,0,7,20
4234,21553,25,1,14,0,7,20
4234,20649,26,1,14,0,7,20
4234,29103,27,1,14,0,7,20
4234,38547,28,1,14,0,7,20
4234,21137,29,1,14,0,7,20
4234,24889,30,1,14,0,7,20
4234,11123,31,1,14,0,7,20
4234,4288,32,0,14,0,7,20
4234,47044,33,0,14,0,7,20
4234,17807,34,1,14,0,7,20
4234,18288,35,1,14,0,7,20
4234,22935,36,0,14,0,7,20
4234,5876,37,0,14,0,7,20
4250,34204,1,0,7,5,6,30
4250,34208,2,0,7,5,6,30
4250,38371,3,0,7,5,6,30
4250,34287,4,0,7,5,6,30
4250,1940,5,0,7,5,6,30
4267,31683,1,1,28,4,9,10
4267,31730,2,1,28,4,9,10
4267,37158,3,1,28,4,9,10
4267,25830,4,1,28,4,9,10
4267,37215,5,1,28,4,9,10
4267,34222,6,1,28,4,9,10
4267,6128,7,1,28,4,9,10
4267,6448,8,1,28,4,9,10
4267,27891,9,1,28,4,9,10